Algoritmo,MPE,MSE,RMSE,MAE
globalavarege,0.9843249020306377,0.8893736040422662,0.9430660655766733,0.7357548855646809
itemknn,1.0,2.2420076555117605,1.4972595846545405,1.2998576646664497
mostpopular,1.0,2.2420076555117605,1.4972595846545405,1.2998576646664497
slopeone,0.9005431271322042,2.811668608349236,1.674359991820614,1.3231313877807112
userknn,0.9945113667240285,2.2130669534450123,1.484268353186277,1.2841551364319599
