Algoritmo,MPE,MSE,RMSE,MAE
globalavarege,0.994511,2.213067,1.484268,1.284155
itemknn,0.994511,2.213067,1.484268,1.284155
mostpopular,0.994511,2.213067,1.484268,1.284155
slopeone,0.917865,1.260509,1.122546,0.836659
userknn,0.985690,0.907810,0.952493,0.738748
