Algoritmo,MPE,MSE,RMSE,MAE
globalavarege,1.0,1.9212125247020388,1.386078109163419,1.2163465177179362
itemknn,1.0,2.058521556632785,1.4347548768457925,1.2618863058092589
mostpopular,1.0,2.058521556632785,1.4347548768457925,1.2618863058092589
slopeone,0.8961748633879781,2.6667235909292297,1.6330105911870962,1.2598606611597176
userknn,0.994535519125683,2.292215491873609,1.5140064371968862,1.3061805894862035
