Algoritmo,MPE,MSE,RMSE,MAE
globalavarege,0.994535519125683,2.292215491873609,1.5140064371968862,1.3061805894862035
itemknn,0.994535519125683,2.292215491873609,1.5140064371968862,1.3061805894862035
mostpopular,0.994535519125683,2.292215491873609,1.5140064371968862,1.3061805894862035
slopeone,0.9187744923405772,1.2507138995418432,1.1183532087591304,0.8384497156034141
userknn,0.9843249020306377,0.8893736040422662,0.9430660655766733,0.7357548855646809
